[{
  "_id": {
    "$oid": "61aeaf357711f20f893c1030"
  },
  "cedula_cliente": 80564874,
  "direccion_cliente": "cl falsa 123    ",
  "email_cliente": "cliente@cliente    ",
  "nombre_cliente": "Carolina Mendez  ",
  "telefono_cliente": 3215201456,
  "__v": 0
},{
  "_id": {
    "$oid": "61aebaf4cb580784746c7de7"
  },
  "cedula_cliente": 56456,
  "direccion_cliente": "tv 86 # 13-25   ",
  "email_cliente": "cliente@cliente     ",
  "nombre_cliente": "Juan Ramirez ",
  "telefono_cliente": 3504567891,
  "__v": 0
},{
  "_id": {
    "$oid": "61b293dd10b7fa15281a7db1"
  },
  "cedula_cliente": 52654321,
  "email_cliente": "claudia@claudia.com ",
  "nombre_cliente": "Claudia Diaz ",
  "telefono_cliente": 3504896514,
  "__v": 0,
  "direccion_cliente": " cl 45 # 23"
},{
  "_id": {
    "$oid": "61b53714ed692c4b6eb80f5a"
  },
  "cedula_cliente": 123456,
  "direccion_cliente": "cl 3 # 4-5",
  "email_cliente": "luis@luis",
  "nombre_cliente": "Luis Perez",
  "telefono_cliente": 3210213456,
  "__v": 0
}]