[{
  "_id": {
    "$oid": "61a84af206153bb6194f0980"
  },
  "cedula_cliente": 80564874,
  "codigo_venta": 2000,
  "ivaventa": 352,
  "total_venta": 3500,
  "valor_venta": 1500,
  "detalle_venta": [],
  "__v": 0
},{
  "_id": {
    "$oid": "61aff0adf9b67faa1326a544"
  },
  "cedula_cliente": 80564874,
  "codigo_venta": 111,
  "ivaventa": 352,
  "total_venta": 1852,
  "valor_venta": 546465,
  "detalle_venta": [],
  "__v": 0
},{
  "_id": {
    "$oid": "61b2936d10b7fa15281a7da6"
  },
  "cedula_cliente": 8300562412,
  "codigo_venta": 112,
  "ivaventa": 1500,
  "total_venta": 9500,
  "valor_venta": 8000,
  "detalle_venta": [],
  "__v": 0
},{
  "_id": {
    "$oid": "61b53753ed692c4b6eb80f6c"
  },
  "cedula_cliente": 123456,
  "codigo_venta": 132,
  "ivaventa": 500,
  "total_venta": 3500,
  "valor_venta": 3000,
  "detalle_venta": [],
  "__v": 0
}]